{
  "urls": [
    "ch3.webm",
    "ch3.mp3",
    "ch3.ogg"
  ],
  "sprite": {
    "BetMax": [
      0,
      2877.641723356009
    ],
    "PrizeBox": [
      4000,
      1974.6258503401357
    ],
    "WinningNumberSelect": [
      7000,
      2426.122448979591
    ],
    "YourNumberSelect1": [
      11000,
      1481.8367346938767
    ],
    "YourNumberSelect2": [
      14000,
      1599.9999999999995
    ]
  }
}